{
 "beta_5": {
  "corr_L_I": 0.8097500350183228,
  "corr_J_I": 0.5354185856378081,
  "corr_J_gradI": 0.267602072266126,
  "corr_J_I_live": 0.2753590137478174,
  "corr_J_gradI_live": -0.04480315973640875,
  "Gamma_min": 0.13917491453152095,
  "Gamma_mean": 0.2083061499587911,
  "I_max": 10.117931206829702,
  "field_std": 1.5730422207863197,
  "J_at_crest": 0.5851618555210654,
  "J_at_flank": 0.37452171388791855,
  "J_at_vacuum": 0.13667169103225027
 },
 "beta_0": {
  "corr_L_I": 0.8218590419011146,
  "corr_J_I": 0.29992941422919767,
  "corr_J_gradI": 0.20670984083114088,
  "corr_J_I_live": 0.09566943734091911,
  "corr_J_gradI_live": -0.01230353209480324,
  "Gamma_min": 0.9999999999995,
  "Gamma_mean": 0.9999999999994995,
  "I_max": 4.671546412238157,
  "field_std": 0.7103818281625928,
  "J_at_crest": 0.2071209609497467,
  "J_at_flank": 0.1802077530792985,
  "J_at_vacuum": 0.08932381876088547
 }
}