{
 "wrap_beta5": {
  "trace": [
   [
    100,
    0,
    0.9995134385913875
   ],
   [
    200,
    0,
    0.9761195037417318
   ],
   [
    300,
    0,
    0.8540176815965242
   ],
   [
    400,
    26,
    0.6925126157238823
   ],
   [
    500,
    80,
    0.5725396980369194
   ],
   [
    600,
    77,
    0.5324721406124586
   ],
   [
    700,
    68,
    0.5350544250173213
   ],
   [
    800,
    83,
    0.5355259516372228
   ],
   [
    900,
    86,
    0.5398406317129437
   ],
   [
    1000,
    115,
    0.5488440131475778
   ],
   [
    1100,
    94,
    0.5563475798112536
   ],
   [
    1200,
    111,
    0.5566526744897166
   ],
   [
    1300,
    106,
    0.561434490984959
   ],
   [
    1400,
    123,
    0.5787133106535496
   ]
  ],
  "early_mean": 35.857142857142854,
  "late_mean": 102.57142857142857,
  "early_max": 80,
  "late_max": 123
 },
 "wrap_beta0": {
  "trace": [
   [
    100,
    0,
    0.9790977605012686
   ],
   [
    200,
    0,
    0.7066301178838952
   ],
   [
    300,
    0,
    0.4029437752565644
   ],
   [
    400,
    2,
    0.34056966215839735
   ],
   [
    500,
    0,
    0.2890726471213055
   ],
   [
    600,
    0,
    0.25387728886750194
   ],
   [
    700,
    0,
    0.2311088504432869
   ],
   [
    800,
    0,
    0.20686972182967117
   ],
   [
    900,
    0,
    0.19469792074246453
   ],
   [
    1000,
    2,
    0.18799376261880277
   ],
   [
    1100,
    2,
    0.18242184441243628
   ],
   [
    1200,
    0,
    0.1953557077978502
   ],
   [
    1300,
    0,
    0.20148107874737645
   ],
   [
    1400,
    0,
    0.21903678580297054
   ]
  ],
  "early_mean": 0.2857142857142857,
  "late_mean": 0.5714285714285714,
  "early_max": 2,
  "late_max": 2
 },
 "absorb_beta5": {
  "trace": [
   [
    100,
    0,
    0.9995134385921546
   ],
   [
    200,
    0,
    0.9761195023083656
   ],
   [
    300,
    0,
    0.8540164262677072
   ],
   [
    400,
    26,
    0.692525103814559
   ],
   [
    500,
    80,
    0.5725572304355868
   ],
   [
    600,
    81,
    0.5322677639709558
   ],
   [
    700,
    77,
    0.5352123558833642
   ],
   [
    800,
    92,
    0.5393201646542104
   ],
   [
    900,
    86,
    0.5434817660251852
   ],
   [
    1000,
    113,
    0.5514470394777409
   ],
   [
    1100,
    101,
    0.559118359686996
   ],
   [
    1200,
    129,
    0.5621129390500237
   ],
   [
    1300,
    111,
    0.5741540433354615
   ],
   [
    1400,
    153,
    0.5772175175614278
   ]
  ],
  "early_mean": 37.714285714285715,
  "late_mean": 112.14285714285714,
  "early_max": 81,
  "late_max": 153
 },
 "absorb_beta0": {
  "trace": [
   [
    100,
    0,
    0.979097760502437
   ],
   [
    200,
    0,
    0.7066306654968555
   ],
   [
    300,
    0,
    0.40292590034077463
   ],
   [
    400,
    4,
    0.3407234790210203
   ],
   [
    500,
    0,
    0.29055010541945564
   ],
   [
    600,
    0,
    0.2521737118182189
   ],
   [
    700,
    0,
    0.2354334567584757
   ],
   [
    800,
    0,
    0.2142177437638655
   ],
   [
    900,
    0,
    0.21235052085728037
   ],
   [
    1000,
    0,
    0.20321086725983623
   ],
   [
    1100,
    0,
    0.2112363356639546
   ],
   [
    1200,
    0,
    0.21765349932700406
   ],
   [
    1300,
    0,
    0.20977160676487838
   ],
   [
    1400,
    0,
    0.20268602225001625
   ]
  ],
  "early_mean": 0.5714285714285714,
  "late_mean": 0.0,
  "early_max": 4,
  "late_max": 0
 }
}