{
 "results": {
  "beta5_tau12": [
   124,
   152,
   140,
   124
  ],
  "beta5_tau25": [
   72,
   88,
   78,
   92
  ],
  "beta5_tau50": [
   62,
   36,
   58,
   58
  ],
  "beta5_tau100": [
   32,
   22,
   24,
   28
  ],
  "beta5_tau200": [
   12,
   16,
   18,
   14
  ],
  "beta5_tau400": [
   10,
   6,
   8,
   14
  ],
  "beta0_tau12": [
   148,
   120,
   116,
   148
  ],
  "beta0_tau25": [
   78,
   114,
   98,
   108
  ],
  "beta0_tau50": [
   60,
   60,
   36,
   44
  ],
  "beta0_tau100": [
   20,
   22,
   22,
   26
  ],
  "beta0_tau200": [
   10,
   12,
   14,
   12
  ],
  "beta0_tau400": [
   6,
   4,
   6,
   10
  ]
 },
 "fit_beta5": {
  "slope": -0.7909467214709315,
  "slope_err": 0.03828331767283439,
  "intercept": 3.0113755763682843,
  "r2": 0.9930208218606411,
  "excluded": [
   400
  ],
  "xs": [
   1.0791812460476249,
   1.3979400086720377,
   1.6989700043360187,
   2.0,
   2.3010299956639813
  ],
  "ys": [
   2.1287037484868705,
   1.9144243996543682,
   1.718887544347854,
   1.4187354830489842,
   1.1711754423712735
  ],
  "es": [
   0.0374736450943394,
   0.04212586196429425,
   0.09461033107297094,
   0.06241607805432298,
   0.06566575103126962
  ]
 },
 "fit_beta0": {
  "slope": -0.8958372379953232,
  "slope_err": 0.0755480357489288,
  "intercept": 3.164784621313119,
  "r2": 0.9791098854180875,
  "excluded": [
   400
  ],
  "xs": [
   1.0791812460476249,
   1.3979400086720377,
   1.6989700043360187,
   2.0,
   2.3010299956639813
  ],
  "ys": [
   2.1210406665161146,
   1.9934123213015993,
   1.6890144195051904,
   1.350212176319803,
   1.076122631943372
  ],
  "es": [
   0.04949553958852761,
   0.06305211338691025,
   0.0943120817288716,
   0.04103123422433292,
   0.051754521267578964
  ]
 }
}