{
 "results": {
  "beta5_tau12": [
   56,
   66,
   62,
   56
  ],
  "beta5_tau25": [
   34,
   34,
   26,
   38
  ],
  "beta5_tau50": [
   20,
   14,
   32,
   32
  ],
  "beta5_tau100": [
   6,
   16,
   18,
   14
  ],
  "beta5_tau200": [
   6,
   6,
   10,
   12
  ],
  "beta5_tau400": [
   2,
   4,
   4,
   6
  ],
  "beta0_tau12": [
   68,
   52,
   56,
   60
  ],
  "beta0_tau25": [
   38,
   40,
   32,
   42
  ],
  "beta0_tau50": [
   18,
   32,
   26,
   26
  ],
  "beta0_tau100": [
   10,
   10,
   10,
   8
  ],
  "beta0_tau200": [
   8,
   6,
   4,
   2
  ],
  "beta0_tau400": [
   2,
   2,
   4,
   4
  ]
 },
 "fit_beta5": {
  "slope": -0.7162663390621513,
  "slope_err": 0.051271871873703835,
  "intercept": 2.543878832679879,
  "r2": 0.9898559528879035,
  "excluded": [
   200,
   400
  ],
  "xs": [
   1.0791812460476249,
   1.3979400086720377,
   1.6989700043360187,
   2.0
  ],
  "ys": [
   1.7770779197631308,
   1.5144286946680345,
   1.364364496995508,
   1.0959179434552782
  ],
  "es": [
   0.03044308561329759,
   0.06071253857610131,
   0.15106249998815252,
   0.18748218728184146
  ]
 },
 "fit_beta0": {
  "slope": -0.5987943442476114,
  "slope_err": 0.0005289814473577379,
  "intercept": 2.414828573141335,
  "r2": 0.9999992195858003,
  "excluded": [
   100,
   200,
   400
  ],
  "xs": [
   1.0791812460476249,
   1.3979400086720377,
   1.6989700043360187
  ],
  "ys": [
   1.76871288343272,
   1.577560714165645,
   1.397592294841212
  ],
  "es": [
   0.0428910871825531,
   0.04454188043774014,
   0.09003857484730236
  ]
 },
 "params": {
  "N": 128,
  "dt": 0.08,
  "eps0": 1.0,
  "g": 1.0,
  "gamma": 0.3,
  "eta": 0.001,
  "thresh": 0.5
 }
}